"BROKEN","EPIC","FAILED","FEATURE","PASSED","SKIPPED","STORY","UNKNOWN"
"0","Authentication","0","Login Page","1","0","Edge - Session","0"
"0","OTS EdTech","0","Sign Up Page","1","0","TC_SIGNUP_001","0"
"0","Authentication","0","Login Page","2","1","Negative - Social Sign-In","0"
"0","OTS EdTech Dashboard","0","Quiz Performance Tracking","1","0","TC_QUIZTRACKING_004","0"
"0","Authentication","0","Login Page","3","0","Positive - Input Handling","0"
"0","OTS EdTech Dashboard","0","My Profile Page","1","0","TC_PROFILE_001","0"
"0","OTS EdTech Homepage","1","Home Page","0","0","TC_HOME_014","0"
"0","OTS EdTech Dashboard","0","Dashboard Page","1","0","TC_DASH_010","0"
"0","Authentication","0","Login Page","6","0","Boundary - Password","0"
"0","OTS EdTech Dashboard","1","Favorite Chapters Page","0","0","TC_FAVCHAP_005","0"
"0","Authentication","1","Login Page","0","0","Positive - UI Control","0"
"0","Authentication","0","Login Page","7","0","Boundary - Email","0"
"0","OTS EdTech Dashboard","0","My Profile Page","1","0","TC_PROFILE_008","0"
"0","OTS EdTech Dashboard","0","My Profile Page","1","0","TC_PROFILE_010","0"
"0","Authentication","0","Login Page","1","0","Edge - Input Handling","0"
"0","OTS EdTech Explore","0","Explore Page","1","0","TC_EXPLORE_001","0"
"0","OTS EdTech Dashboard","0","Favorite Chapters Page","1","0","TC_FAVCHAP_006","0"
"0","OTS EdTech Explore","1","Explore Page","0","0","TC_EXPLORE_009","0"
"0","OTS EdTech Dashboard","0","Change Password","1","0","TC_CHGPWD_006","0"
"0","OTS EdTech Homepage","1","Home Page","0","0","TC_HOME_009","0"
"0","OTS EdTech Dashboard","0","Favorite Chapters Page","1","0","TC_FAVCHAP_010","0"
"0","OTS EdTech Dashboard","0","My Profile Page","1","0","TC_PROFILE_014","0"
"0","Authentication","0","Login Page","5","0","Negative - Email Format","0"
"0","OTS EdTech Homepage","1","Home Page","0","0","TC_HOME_011","0"
"0","OTS EdTech Dashboard","0","Dashboard Page","1","0","TC_DASH_008","0"
"0","","0","","0","11","","0"
"0","OTS EdTech Dashboard","0","My Profile Page","1","0","TC_PROFILE_002","0"
"0","OTS EdTech Dashboard","0","Enrollments Page","1","0","TC_ENROLL_003","0"
"0","OTS EdTech Homepage","0","Home Page","1","0","TC_HOME_027","0"
"0","Authentication","0","Login Page","1","0","Positive - Navigation","0"
"0","OTS EdTech","0","Sign Up Page","1","0","TC_SIGNUP_013","0"
"0","OTS EdTech Dashboard","0","My Profile Page","1","0","TC_PROFILE_016","0"
"0","OTS EdTech Homepage","1","Home Page","0","0","TC_HOME_002","0"
"0","OTS EdTech Explore","0","Explore Page","1","0","TC_EXPLORE_008","0"
"0","OTS EdTech","0","Sign Up Page","1","0","TC_SIGNUP_002","0"
"0","OTS EdTech Dashboard","0","Favorite Chapters Page","1","0","TC_FAVCHAP_012","0"
"0","OTS EdTech Dashboard","0","Change Password","1","0","TC_CHGPWD_001","0"
"0","OTS EdTech Reels","1","Reels Page","0","0","TC_REELS_001","0"
"0","OTS EdTech Homepage","0","Home Page","1","0","TC_HOME_023","0"
"1","OTS EdTech Homepage","0","Home Page","0","0","TC_HOME_022","0"
"0","OTS EdTech Reels","0","Reels Page","1","0","TC_REELS_009","0"
"0","Authentication","1","Login Page","1","0","Positive - Session","0"
"0","OTS EdTech Dashboard","0","Quiz Performance Tracking","1","0","TC_QUIZTRACKING_012","0"
"0","OTS EdTech Dashboard","0","Enrollments Page","1","0","TC_ENROLL_001","0"
"0","OTS EdTech Dashboard","1","Switch Classes Page","0","0","TC_SWITCH_009","0"
"0","OTS EdTech Dashboard","1","Leaderboard Page","0","0","TC_LEADERBOARD_001","0"
"0","OTS EdTech Homepage","1","Home Page","0","0","TC_HOME_025","0"
"0","OTS EdTech Reels","0","Reels Page","1","0","TC_REELS_008","0"
"0","OTS EdTech Dashboard","1","Switch Classes Page","0","0","TC_SWITCH_003","0"
"0","Authentication","0","Login Page","1","0","Responsive - Desktop","0"
"0","OTS EdTech Dashboard","0","My Profile Page","1","0","TC_PROFILE_007","0"
"0","Authentication","0","Login Page","1","0","Onboarding","0"
"0","OTS EdTech","0","Sign Up Page","1","0","TC_SIGNUP_011","0"
"0","Authentication","0","Login Page","4","0","Negative - Security","0"
"0","OTS EdTech Dashboard","0","My Profile Page","1","0","TC_PROFILE_011","0"
"0","OTS EdTech Dashboard","0","Favorite Chapters Page","1","0","TC_FAVCHAP_009","0"
"0","Authentication","0","Login Page","3","0","Negative - Authentication","0"
"0","OTS EdTech Homepage","0","Home Page","1","0","TC_HOME_029","0"
"0","OTS EdTech Reels","0","Reels Page","1","0","TC_REELS_002","0"
"0","OTS EdTech Explore","0","Explore Page","1","0","TC_EXPLORE_004","0"
"1","OTS EdTech Homepage","0","Home Page","0","0","TC_HOME_021","0"
"0","OTS EdTech Dashboard","0","My Profile Page","1","0","TC_PROFILE_015","0"
"0","OTS EdTech Dashboard","0","Dashboard Page","1","0","TC_DASH_011","0"
"0","OTS EdTech","0","Sign Up Page","1","0","TC_SIGNUP_008","0"
"0","OTS EdTech Dashboard","1","Favorite Chapters Page","0","0","TC_FAVCHAP_003","0"
"0","OTS EdTech Homepage","1","Home Page","0","0","TC_HOME_004","0"
"0","OTS EdTech Reels","0","Reels Page","1","0","TC_REELS_007","0"
"0","OTS EdTech Homepage","0","Home Page","1","0","TC_HOME_001","0"
"0","OTS EdTech Homepage","1","Home Page","0","0","TC_HOME_012","0"
"0","OTS EdTech Dashboard","0","Quiz Performance Tracking","1","0","TC_QUIZTRACKING_010","0"
"0","Authentication","0","Login Page","5","0","Negative - Required Fields","0"
"0","OTS EdTech Dashboard","0","My Profile Page","1","0","TC_PROFILE_017","0"
"0","OTS EdTech Dashboard","0","Dashboard Page","1","0","TC_DASH_007","0"
"0","OTS EdTech Dashboard","0","Favorite Chapters Page","1","0","TC_FAVCHAP_001","0"
"0","OTS EdTech Dashboard","0","Enrollments Page","1","0","TC_ENROLL_002","0"
"0","OTS EdTech Dashboard","0","Enrollments Page","1","0","TC_ENROLL_008","0"
"0","Authentication","0","Login Page","1","1","Positive - Social Sign-In","0"
"0","OTS EdTech Homepage","1","Home Page","0","0","TC_HOME_013","0"
"0","Authentication","0","Login Page","2","0","Positive - Legal Link","0"
"0","OTS EdTech Dashboard","1","Favorite Chapters Page","0","0","TC_FAVCHAP_004","0"
"0","OTS EdTech Dashboard","0","Dashboard Page","1","0","TC_DASH_013","0"
"0","Authentication","0","Login Page","2","0","Negative - Authorization","0"
"0","OTS EdTech Dashboard","0","Quiz Performance Tracking","1","0","TC_QUIZTRACKING_001","0"
"0","OTS EdTech Dashboard","0","Quiz Performance Tracking","1","0","TC_QUIZTRACKING_005","0"
"0","OTS EdTech Dashboard","0","Enrollments Page","1","0","TC_ENROLL_010","0"
"0","OTS EdTech","0","Sign Up Page","1","0","TC_SIGNUP_005","0"
"0","OTS EdTech Dashboard","0","Change Password","1","0","TC_CHGPWD_007","0"
"0","OTS EdTech Homepage","1","Home Page","0","0","TC_HOME_007","0"
"0","Authentication","0","Login Page","1","0","Recovery","0"
"0","OTS EdTech Dashboard","0","Enrollments Page","1","0","TC_ENROLL_004","0"
"0","Authentication","0","Login Page","1","0","UI - Content","0"
"0","OTS EdTech Dashboard","1","Switch Classes Page","0","0","TC_SWITCH_008","0"
"0","OTS EdTech Dashboard","0","Dashboard Page","1","0","TC_DASH_004","0"
"0","OTS EdTech Dashboard","0","Quiz Performance Tracking","1","0","TC_QUIZTRACKING_009","0"
"0","OTS EdTech Homepage","1","Home Page","0","0","TC_HOME_010","0"
"0","OTS EdTech Dashboard","0","My Profile Page","1","0","TC_PROFILE_018","0"
"0","OTS EdTech Dashboard","0","Change Password","1","0","TC_CHGPWD_005","0"
"0","OTS EdTech Homepage","1","Home Page","0","0","TC_HOME_017","0"
"0","OTS EdTech Explore","0","Explore Page","1","0","TC_EXPLORE_013","0"
"0","OTS EdTech Homepage","1","Home Page","0","0","TC_HOME_016","0"
"0","OTS EdTech Dashboard","1","Switch Classes Page","0","0","TC_SWITCH_001","0"
"0","OTS EdTech Dashboard","0","Change Password","1","0","TC_CHGPWD_003","0"
"0","OTS EdTech Dashboard","0","My Profile Page","1","0","TC_PROFILE_005","0"
"0","OTS EdTech Explore","0","Explore Page","1","0","TC_EXPLORE_010","0"
"0","OTS EdTech Reels","0","Reels Page","1","0","TC_REELS_004","0"
"0","OTS EdTech Dashboard","1","Switch Classes Page","0","0","TC_SWITCH_005","0"
"0","OTS EdTech","0","Sign Up Page","1","0","TC_SIGNUP_014","0"
"0","Authentication","0","Login Page","1","1","Micro-interaction","0"
"0","Authentication","1","Login Page","1","0","Positive - Primary Path","0"
"0","Authentication","1","Login Page","1","0","Edge - Submission","0"
"0","OTS EdTech Dashboard","0","Quiz Performance Tracking","1","0","TC_QUIZTRACKING_002","0"
"0","OTS EdTech Dashboard","0","Dashboard Page","1","0","TC_DASH_019","0"
"0","OTS EdTech","0","Sign Up Page","1","0","TC_SIGNUP_006","0"
"0","OTS EdTech Dashboard","0","Switch Classes Page","1","0","TC_SWITCH_012","0"
"0","OTS EdTech Dashboard","0","Favorite Chapters Page","1","0","TC_FAVCHAP_002","0"
"0","OTS EdTech Explore","1","Explore Page","0","0","TC_EXPLORE_005","0"
"0","OTS EdTech Dashboard","0","Change Password","1","0","TC_CHGPWD_002","0"
"0","OTS EdTech Homepage","1","Home Page","0","0","TC_HOME_020","0"
"0","OTS EdTech Dashboard","0","Dashboard Page","1","0","TC_DASH_015","0"
"0","Authentication","0","Login Page","1","0","Edge - Recovery Navigation","0"
"0","OTS EdTech Dashboard","1","Switch Classes Page","0","0","TC_SWITCH_010","0"
"0","OTS EdTech Dashboard","0","Enrollments Page","1","0","TC_ENROLL_005","0"
"0","OTS EdTech Dashboard","0","Quiz Performance Tracking","1","0","TC_QUIZTRACKING_003","0"
"0","OTS EdTech Dashboard","1","Quiz Performance Tracking","0","0","TC_QUIZTRACKING_008","0"
"0","OTS EdTech Homepage","0","Home Page","1","0","TC_HOME_028","0"
"0","Authentication","0","Login Page","2","0","Positive - Accessibility","0"
"0","OTS EdTech Dashboard","0","Dashboard Page","1","0","TC_DASH_021","0"
"0","OTS EdTech Dashboard","0","Dashboard Page","1","0","TC_DASH_005","0"
"0","OTS EdTech","0","Sign Up Page","1","0","TC_SIGNUP_004","0"
"0","OTS EdTech","1","Sign Up Page","0","0","TC_SIGNUP_016","0"
"0","Authentication","0","Login Page","1","0","Responsive - Mobile","0"
"0","OTS EdTech Explore","0","Explore Page","1","0","TC_EXPLORE_002","0"
"0","OTS EdTech Explore","1","Explore Page","0","0","TC_EXPLORE_006","0"
"0","OTS EdTech Dashboard","1","Switch Classes Page","0","0","TC_SWITCH_006","0"
"0","OTS EdTech Dashboard","0","My Profile Page","1","0","TC_PROFILE_020","0"
"0","OTS EdTech Dashboard","0","Quiz Performance Tracking","1","0","TC_QUIZTRACKING_007","0"
"0","Authentication","0","Login Page","1","0","Negative - Input Handling","0"
"0","OTS EdTech Dashboard","0","My Profile Page","1","0","TC_PROFILE_012","0"
"0","OTS EdTech Dashboard","0","My Profile Page","1","0","TC_PROFILE_006","0"
"0","OTS EdTech Dashboard","1","Dashboard Page","0","0","TC_DASH_020","0"
"0","OTS EdTech Dashboard","0","Dashboard Page","1","0","TC_DASH_016","0"
"0","OTS EdTech Reels","0","Reels Page","1","0","TC_REELS_006","0"
"0","OTS EdTech Dashboard","0","Favorite Chapters Page","1","0","TC_FAVCHAP_007","0"
"0","OTS EdTech Dashboard","1","Switch Classes Page","0","0","TC_SWITCH_013","0"
"0","OTS EdTech Dashboard","1","Quiz Performance Tracking","0","0","TC_QUIZTRACKING_015","0"
"0","OTS EdTech Dashboard","0","Dashboard Page","1","0","TC_DASH_006","0"
"0","OTS EdTech Dashboard","0","Change Password","1","0","TC_CHGPWD_008","0"
"0","OTS EdTech Dashboard","1","Quiz Performance Tracking","0","0","TC_QUIZTRACKING_013","0"
"0","OTS EdTech Dashboard","0","Change Password","1","0","TC_CHGPWD_004","0"
"1","OTS EdTech Homepage","0","Home Page","0","0","TC_HOME_019","0"
"0","OTS EdTech Dashboard","0","Dashboard Page","1","0","TC_DASH_009","0"
"0","OTS EdTech Dashboard","0","Change Password","1","0","TC_CHGPWD_009","0"
"0","OTS EdTech Homepage","1","Home Page","0","0","TC_HOME_006","0"
"0","OTS EdTech Dashboard","1","Quiz Performance Tracking","0","0","TC_QUIZTRACKING_016","0"
"0","OTS EdTech","0","Sign Up Page","1","0","TC_SIGNUP_007","0"
"0","Authentication","0","Login Page","1","0","Edge - Privacy","0"
"0","OTS EdTech Dashboard","0","My Profile Page","1","0","TC_PROFILE_021","0"
"0","Authentication","0","Login Page","1","0","Positive - Keyboard","0"
"0","OTS EdTech","0","Sign Up Page","1","0","TC_SIGNUP_015","0"
"0","OTS EdTech Dashboard","1","Switch Classes Page","0","0","TC_SWITCH_011","0"
"0","OTS EdTech Dashboard","1","Favorite Chapters Page","0","0","TC_FAVCHAP_008","0"
"0","OTS EdTech Dashboard","0","Dashboard Page","1","0","TC_DASH_012","0"
"0","OTS EdTech Dashboard","0","My Profile Page","1","0","TC_PROFILE_004","0"
"0","OTS EdTech Homepage","1","Home Page","0","0","TC_HOME_008","0"
"0","OTS EdTech Homepage","1","Home Page","0","0","TC_HOME_026","0"
"0","OTS EdTech Dashboard","0","Enrollments Page","1","0","TC_ENROLL_006","0"
"0","OTS EdTech Dashboard","0","Dashboard Page","1","0","TC_DASH_003","0"
"0","OTS EdTech Dashboard","0","My Profile Page","1","0","TC_PROFILE_019","0"
"0","OTS EdTech Explore","0","Explore Page","1","0","TC_EXPLORE_003","0"
"0","OTS EdTech Dashboard","0","Enrollments Page","1","0","TC_ENROLL_007","0"
"0","OTS EdTech","0","Sign Up Page","1","0","TC_SIGNUP_009","0"
"0","OTS EdTech Dashboard","1","Dashboard Page","0","0","TC_DASH_014","0"
"0","Authentication","0","Login Page","1","0","Accessibility","0"
"0","OTS EdTech","0","Sign Up Page","1","0","TC_SIGNUP_010","0"
"0","OTS EdTech","0","Sign Up Page","1","0","TC_SIGNUP_003","0"
"0","OTS EdTech Reels","0","Reels Page","1","0","TC_REELS_005","0"
"0","OTS EdTech Reels","0","Reels Page","1","0","TC_REELS_003","0"
"0","OTS EdTech Dashboard","0","Favorite Chapters Page","1","0","TC_FAVCHAP_011","0"
"0","OTS EdTech Dashboard","0","Quiz Performance Tracking","1","0","TC_QUIZTRACKING_011","0"
"0","OTS EdTech Homepage","1","Home Page","0","0","TC_HOME_024","0"
"0","Authentication","0","Login Page","2","0","Negative - Error State","0"
"0","OTS EdTech Dashboard","0","Dashboard Page","1","0","TC_DASH_017","0"
"0","OTS EdTech Homepage","1","Home Page","0","0","TC_HOME_018","0"
"0","Authentication","0","Login Page","1","0","Edge - Media Control","0"
"0","OTS EdTech Dashboard","1","Quiz Performance Tracking","0","0","TC_QUIZTRACKING_014","0"
"0","OTS EdTech Homepage","0","Home Page","1","0","TC_HOME_015","0"
"0","OTS EdTech Dashboard","0","Dashboard Page","1","0","TC_DASH_018","0"
"0","OTS EdTech","0","Sign Up Page","1","0","TC_SIGNUP_012","0"
"0","OTS EdTech Dashboard","0","My Profile Page","1","0","TC_PROFILE_009","0"
"0","OTS EdTech Dashboard","1","Switch Classes Page","0","0","TC_SWITCH_007","0"
"0","OTS EdTech Dashboard","1","Switch Classes Page","0","0","TC_SWITCH_004","0"
"0","OTS EdTech Dashboard","1","My Profile Page","0","0","TC_PROFILE_013","0"
"0","OTS EdTech Explore","0","Explore Page","1","0","TC_EXPLORE_012","0"
"0","OTS EdTech Homepage","1","Home Page","0","0","TC_HOME_005","0"
"0","OTS EdTech Dashboard","0","My Profile Page","1","0","TC_PROFILE_003","0"
"0","OTS EdTech Homepage","1","Home Page","0","0","TC_HOME_003","0"
"0","OTS EdTech Dashboard","0","Dashboard Page","1","0","TC_DASH_001","0"
"0","OTS EdTech Explore","1","Explore Page","0","0","TC_EXPLORE_011","0"
"0","OTS EdTech Explore","0","Explore Page","1","0","TC_EXPLORE_007","0"
"0","OTS EdTech Dashboard","0","Dashboard Page","1","0","TC_DASH_002","0"
"0","OTS EdTech Dashboard","0","Quiz Performance Tracking","1","0","TC_QUIZTRACKING_006","0"
"0","OTS EdTech Dashboard","0","Enrollments Page","1","0","TC_ENROLL_009","0"
"0","Authentication","0","Login Page","1","0","Edge - Navigation","0"
"0","OTS EdTech Dashboard","1","Switch Classes Page","0","0","TC_SWITCH_002","0"
