"DESCRIPTION","DURATION IN MS","NAME","PARENT SUITE","START TIME","STATUS","STOP TIME","SUB SUITE","SUITE","TEST CLASS","TEST METHOD"
"","21802","TC-053: Expired session redirects protected dashboard access to login","chromium","2026-08-21","passed","2026-08-21","Login Page > P2 - Edge - Session","specs\loginPage.spec.js","",""
"Sign Up page loads with heading and all three form fields visible.","31267","TC_SIGNUP_001: Sign Up page loads with heading and form fields visible","chromium","2026-08-21","passed","2026-08-21","OTS EdTech Sign Up Page","specs\signUp_Page.spec.js","",""
"","1980","TC-034: Unauthorized Google account is rejected","chromium","2026-08-21","skipped","2026-08-21","Login Page > P1 - Negative - Social Sign-In","specs\loginPage.spec.js","",""
"Clicking Filter by Quiz keeps page heading visible.","34689","TC_QUIZTRACKING_004: Filter by Quiz dropdown is clickable and page stays stable","chromium","2026-08-21","passed","2026-08-21","OTS EdTech Quiz Performance Tracking","specs\quizTracking_Page.spec.js","",""
"","56988","TC-020: Email is trimmed before authentication","chromium","2026-08-21","passed","2026-08-21","Login Page > P1 - Positive - Input Handling","specs\loginPage.spec.js","",""
"Logged-in student reaches Profile with My Profile heading visible.","34926","TC_PROFILE_001: Authenticated student lands on Profile with My Profile heading visible","chromium","2026-08-21","passed","2026-08-21","OTS EdTech My Profile Page","specs\profilePage.spec.js","",""
"View All Skills link opens the skills catalog.","67592","TC_HOME_014: View All Skills opens full skills catalog","chromium","2026-08-21","failed","2026-08-21","OTS EdTech Homepage","specs\homePage.spec.js","",""
"Sidebar Quiz Tracking opens Quiz Performance Tracking.","25713","TC_DASH_010: Sidebar Quiz Tracking opens Quiz Performance Tracking","chromium","2026-08-21","passed","2026-08-21","OTS EdTech Dashboard Page","specs\Dashboard.spec.js","",""
"","26939","TC-043: Password at maximum accepted length is handled","chromium","2026-08-21","passed","2026-08-21","Login Page > P1 - Boundary - Password","specs\loginPage.spec.js","",""
"Chapter card with environment-specific text is visible (brittle locator).","39061","TC_FAVCHAP_005: Chapter card element is visible for a favorited chapter","chromium","2026-08-21","failed","2026-08-21","OTS EdTech Favorite Chapters Page","specs\favoriteChapters.spec.js","",""
"","51437","TC-046: Remember me checkbox toggles on and off","chromium","2026-08-21","failed","2026-08-21","Login Page > P2 - Positive - UI Control","specs\loginPage.spec.js","",""
"","53166","TC-055: Minimum valid email pattern is handled","chromium","2026-08-21","passed","2026-08-21","Login Page > P2 - Boundary - Email","specs\loginPage.spec.js","",""
"Update my Profile button visible and clickable without crash.","23216","TC_PROFILE_008: Update my Profile button is visible and clickable","chromium","2026-08-21","passed","2026-08-21","OTS EdTech My Profile Page","specs\profilePage.spec.js","",""
"CSS fallback .chakra-checkbox__control checkbox is present.","66864","TC_PROFILE_010: Current Education checkbox is present on Educational Info tab","chromium","2026-08-21","passed","2026-08-21","OTS EdTech My Profile Page","specs\profilePage.spec.js","",""
"","19461","TC-060: Very long paste into fields does not break layout","chromium","2026-08-21","passed","2026-08-21","Login Page > P2 - Edge - Input Handling","specs\loginPage.spec.js","",""
"Explore hub loads with Digital School heading and Let's Start! button visible.","27012","TC_EXPLORE_001: Explore page loads with Digital School heading and Let's Start! visible","chromium","2026-08-21","passed","2026-08-21","OTS EdTech Explore Page","specs\Explore-Page.spec.js","",""
"Refreshing Favorite Chapters keeps heading visible.","16494","TC_FAVCHAP_006: Soft refresh keeps Favorite Chapters chrome visible","chromium","2026-08-21","passed","2026-08-21","OTS EdTech Favorite Chapters Page","specs\favoriteChapters.spec.js","",""
"Browser Back from Digital School catalog returns to a usable Explore hub with both CTAs.","30999","TC_EXPLORE_009: Browser Back from Digital School catalog returns to usable Explore hub","chromium","2026-08-21","failed","2026-08-21","OTS EdTech Explore Page","specs\Explore-Page.spec.js","",""
"Back to Profile returns to profile dashboard without credential changes.","45002","TC_CHGPWD_006: Back to Profile button navigates away from Change Password","chromium","2026-08-21","passed","2026-08-21","OTS EdTech Change Password","specs\changePassword.spec.js","",""
"Logo is visible; clicking it does not break the page.","47204","TC_HOME_009: Header logo is visible and click is safe","chromium","2026-08-21","failed","2026-08-21","OTS EdTech Homepage","specs\homePage.spec.js","",""
"Empty state heading ""No Favorite Chapters Yet"" is visible.","19228","TC_FAVCHAP_010: Empty state displays ""No Favorite Chapters Yet"" heading","chromium","2026-08-21","passed","2026-08-21","OTS EdTech Favorite Chapters Page","specs\favoriteChapters.spec.js","",""
"Direct profile access without session redirects to login.","18493","TC_PROFILE_014: Unauthenticated access does not show profile data","chromium","2026-08-21","passed","2026-08-21","OTS EdTech My Profile Page","specs\profilePage.spec.js","",""
"","38984","TC-025: Email without at-sign is rejected","chromium","2026-08-21","passed","2026-08-21","Login Page > P1 - Negative - Email Format","specs\loginPage.spec.js","",""
"Dashboard menuitem with authState=unauthenticated routes to login or dashboard.","81560","TC_HOME_011: Dashboard menuitem routes by auth state","chromium","2026-08-21","failed","2026-08-21","OTS EdTech Homepage","specs\homePage.spec.js","",""
"Sidebar Switch Class opens Switch Classes / Select Your Class destination.","24373","TC_DASH_008: Sidebar Switch Class opens Switch Classes UI","chromium","2026-08-21","passed","2026-08-21","OTS EdTech Dashboard Page","specs\Dashboard.spec.js","",""
"","21","TC_LEADERBOARD_006: Weekly tab is clickable and page stays stable","chromium","2026-08-21","skipped","2026-08-21","OTS EdTech Leaderboard Page","specs\Leaderboard.spec.js","",""
"User Avatar image and Change profile picture button visible on Profile.","39382","TC_PROFILE_002: User Avatar and Change profile picture button are visible","chromium","2026-08-21","passed","2026-08-21","OTS EdTech My Profile Page","specs\profilePage.spec.js","",""
"Enroll in New Course is visible under the Manage Enrollments heading.","31491","TC_ENROLL_003: Enroll in New Course button is visible","chromium","2026-08-21","passed","2026-08-21","OTS EdTech Enrollments Page","specs\enrollments_Page.spec.js","",""
"CTA text ""Watch How It Works"" is visible on the homepage.","9070","TC_HOME_027: ""Watch How It Works"" text is visible","chromium","2026-08-21","passed","2026-08-21","OTS EdTech Homepage","specs\homePage.spec.js","",""
"","19789","TC-045: Back to Home redirects correctly","chromium","2026-08-21","passed","2026-08-21","Login Page > P2 - Positive - Navigation","specs\loginPage.spec.js","",""
"Create Account button visible.","25633","TC_SIGNUP_013: Create Account button is visible on page load","chromium","2026-08-21","passed","2026-08-21","OTS EdTech Sign Up Page","specs\signUp_Page.spec.js","",""
"User Options button clickable without crash.","36006","TC_PROFILE_016: User Options button is clickable without crash","chromium","2026-08-21","passed","2026-08-21","OTS EdTech My Profile Page","specs\profilePage.spec.js","",""
"Hero CTA Start Learning — It's Free routes user to registration or catalog.","60311","TC_HOME_002: Start Learning — It's Free navigates to registration or catalog","chromium","2026-08-21","failed","2026-08-21","OTS EdTech Homepage","specs\homePage.spec.js","",""
"Rapid double-click of Digital School Let's Start! still lands on a stable Digital School catalog.","37212","TC_EXPLORE_008: Double-click on Digital School Let's Start! does not break navigation","chromium","2026-08-21","passed","2026-08-21","OTS EdTech Explore Page","specs\Explore-Page.spec.js","",""
"","42546","TC-037: Email at maximum valid length is handled","chromium","2026-08-21","passed","2026-08-21","Login Page > P1 - Boundary - Email","specs\loginPage.spec.js","",""
"OTS Logo and subheading text visible.","23754","TC_SIGNUP_002: OTS Logo and subheading are visible","chromium","2026-08-21","passed","2026-08-21","OTS EdTech Sign Up Page","specs\signUp_Page.spec.js","",""
"","21","TC_LEADERBOARD_005: Global tab is clickable and page stays stable","chromium","2026-08-21","skipped","2026-08-21","OTS EdTech Leaderboard Page","specs\Leaderboard.spec.js","",""
"Browse Chapters CTA button is visible and clickable in empty state.","23660","TC_FAVCHAP_012: Browse Chapters button is visible in empty state","chromium","2026-08-21","passed","2026-08-21","OTS EdTech Favorite Chapters Page","specs\favoriteChapters.spec.js","",""
"","43874","TC-028: Email with multiple at-signs is rejected","chromium","2026-08-21","passed","2026-08-21","Login Page > P1 - Negative - Email Format","specs\loginPage.spec.js","",""
"Navigate via Profile Settings > Change Password; heading and email input visible.","42712","TC_CHGPWD_001: Change Password page loads with heading and email field visible","chromium","2026-08-21","passed","2026-08-21","OTS EdTech Change Password","specs\changePassword.spec.js","",""
"Header Reels link opens immersive reels player with scroll hint or video element.","42400","TC_REELS_001: Navigate via Reels nav loads the Reels experience","chromium","2026-08-21","failed","2026-08-21","OTS EdTech Reels Page","specs\ReelsPage.spec.js","",""
"Footer Stay Updated copy and platform tagline are visible.","13397","TC_HOME_023: Footer Stay Updated and platform tagline are visible","chromium","2026-08-21","passed","2026-08-21","OTS EdTech Homepage","specs\homePage.spec.js","",""
"Educational Network channel links and Subscribe Our Channels are reachable.","94673","TC_HOME_022: Educational Network channel links are reachable","chromium","2026-08-21","broken","2026-08-21","OTS EdTech Homepage","specs\homePage.spec.js","",""
"After Back to home, user can re-enter Reels via nav without broken state.","51788","TC_REELS_009: Re-entering Reels via nav after Back to home works","chromium","2026-08-21","passed","2026-08-21","OTS EdTech Reels Page","specs\ReelsPage.spec.js","",""
"","44163","TC-023: Remember me can remain unchecked for normal session","chromium","2026-08-21","passed","2026-08-21","Login Page > P1 - Positive - Session","specs\loginPage.spec.js","",""
"Quiz Attempts by Chapter heading is visible on the page.","19389","TC_QUIZTRACKING_012: Quiz Attempts by Chapter section heading is visible","chromium","2026-08-21","passed","2026-08-21","OTS EdTech Quiz Performance Tracking","specs\quizTracking_Page.spec.js","",""
"Logged-in student opens Manage Enrollments from sidebar Enrollments and sees the heading.","33733","TC_ENROLL_001: Authenticated student opens Manage Enrollments via sidebar Enrollments","chromium","2026-08-21","passed","2026-08-21","OTS EdTech Enrollments Page","specs\enrollments_Page.spec.js","",""
"Start Learning redirects to course-details or equivalent.","43025","TC_SWITCH_009: Start Learning navigates to subject module","chromium","2026-08-21","failed","2026-08-21","OTS EdTech Switch Classes Page","specs\switchClasses.spec.js","",""
"Logged-in student reaches Leaderboard with heading, subtitle, and class context visible.","76561","TC_LEADERBOARD_001: Authenticated student lands on Leaderboard with key chrome visible","chromium","2026-08-21","failed","2026-08-21","OTS EdTech Leaderboard Page","specs\Leaderboard.spec.js","",""
"On mobile viewport, search and primary hero CTA remain reachable.","42567","TC_HOME_025: Mobile viewport keeps hero CTA and search reachable","chromium","2026-08-21","failed","2026-08-21","OTS EdTech Homepage","specs\homePage.spec.js","",""
"","20","TC_LEADERBOARD_002: Page heading and subtitle description are visible","chromium","2026-08-21","skipped","2026-08-21","OTS EdTech Leaderboard Page","specs\Leaderboard.spec.js","",""
"Double-clicking nav icon does not crash or blank the player.","9815","TC_REELS_008: Double-click Navigation Icon (SVG) does not break the feed","chromium","2026-08-21","passed","2026-08-21","OTS EdTech Reels Page","specs\ReelsPage.spec.js","",""
"Clicking Class selector keeps Your Progress and My Subjects visible.","47839","TC_SWITCH_003: Class selector button is clickable and page remains stable","chromium","2026-08-21","failed","2026-08-21","OTS EdTech Switch Classes Page","specs\switchClasses.spec.js","",""
"","55925","TC-069: Login page is usable on desktop viewport","chromium","2026-08-21","passed","2026-08-21","Login Page > P3 - Responsive","specs\loginPage.spec.js","",""
"City, Country, Phone Number accept typed input.","53570","TC_PROFILE_007: City, Country, and Phone Number fields are editable","chromium","2026-08-21","passed","2026-08-21","OTS EdTech My Profile Page","specs\profilePage.spec.js","",""
"","22098","TC-019: Sign up for free redirects new user to registration","chromium","2026-08-21","passed","2026-08-21","Login Page > P0 - Onboarding","specs\loginPage.spec.js","",""
"Different Create/Confirm passwords; observe behavior.","25492","TC_SIGNUP_011: Password mismatch edge case","chromium","2026-08-21","passed","2026-08-21","OTS EdTech Sign Up Page","specs\signUp_Page.spec.js","",""
"","31859","TC-013: Repeated failed sign-in attempts trigger rate limiting or lockout","chromium","2026-08-21","passed","2026-08-21","Login Page > P0 - Negative - Security","specs\loginPage.spec.js","",""
"Settings tab shows Account Settings heading and Change Password.","20124","TC_PROFILE_011: Settings tab loads Account Settings heading and Change Password button","chromium","2026-08-21","passed","2026-08-21","OTS EdTech My Profile Page","specs\profilePage.spec.js","",""
"Brittle nth(1) button is clickable without crash (unclear purpose).","24520","TC_FAVCHAP_009: Secondary action button is present and clickable without crash","chromium","2026-08-21","passed","2026-08-21","OTS EdTech Favorite Chapters Page","specs\favoriteChapters.spec.js","",""
"","35945","TC-009: Valid email with invalid password is rejected","chromium","2026-08-21","passed","2026-08-21","Login Page > P0 - Negative - Authentication","specs\loginPage.spec.js","",""
"Course count badge ""100+ Courses"" is visible on the homepage.","12155","TC_HOME_029: Course count badge ""100+ Courses"" is visible","chromium","2026-08-21","passed","2026-08-21","OTS EdTech Homepage","specs\homePage.spec.js","",""
"Video element CSS target is visible and clickable on reels player.","7564","TC_REELS_002: Video container or video element is visible and interactable","chromium","2026-08-21","passed","2026-08-21","OTS EdTech Reels Page","specs\ReelsPage.spec.js","",""
"Skills Academy heading and Let's Start! button are visible on Explore hub.","24377","TC_EXPLORE_004: Skills Academy heading and Let's Start! are visible on Explore hub","chromium","2026-08-21","passed","2026-08-21","OTS EdTech Explore Page","specs\Explore-Page.spec.js","",""
"Exact Start Learning link (not hero CTA) navigates to learning/start destination.","109736","TC_HOME_021: Section Start Learning link navigates correctly","chromium","2026-08-21","broken","2026-08-21","OTS EdTech Homepage","specs\homePage.spec.js","",""
"Empty First Name + Update does not crash; validation behavior observed.","26868","TC_PROFILE_015: Clearing First Name and clicking Update my Profile","chromium","2026-08-21","passed","2026-08-21","OTS EdTech My Profile Page","specs\profilePage.spec.js","",""
"Sidebar Leaderboard opens Leaderboard heading / URL.","24298","TC_DASH_011: Sidebar Leaderboard opens Leaderboard","chromium","2026-08-21","passed","2026-08-21","OTS EdTech Dashboard Page","specs\Dashboard.spec.js","",""
"Sign in link redirects to /login.","32457","TC_SIGNUP_008: Sign in link navigates to login page","chromium","2026-08-21","passed","2026-08-21","OTS EdTech Sign Up Page","specs\signUp_Page.spec.js","",""
"Open Chapter button visible confirming favorited chapter cards are rendered.","43182","TC_FAVCHAP_003: Open Chapter button is visible when chapters exist","chromium","2026-08-21","failed","2026-08-21","OTS EdTech Favorite Chapters Page","specs\favoriteChapters.spec.js","",""
"Submitting an empty search keeps the homepage stable.","60333","TC_HOME_004: Empty search query does not crash the homepage","chromium","2026-08-21","failed","2026-08-21","OTS EdTech Homepage","specs\homePage.spec.js","",""
"Refreshing reels view keeps scroll hint or video element visible.","21826","TC_REELS_007: Soft refresh keeps Reels player usable","chromium","2026-08-21","passed","2026-08-21","OTS EdTech Reels Page","specs\ReelsPage.spec.js","",""
"Unauthenticated user opens the homepage and sees the hero value proposition content.","20378","TC_HOME_001: Homepage loads with hero value proposition visible","chromium","2026-08-21","passed","2026-08-21","OTS EdTech Homepage","specs\homePage.spec.js","",""
"","34241","TC-011: Invalid email and invalid password are rejected","chromium","2026-08-21","passed","2026-08-21","Login Page > P0 - Negative - Authentication","specs\loginPage.spec.js","",""
"","57663","TC-039: Email local part at 64 characters is handled","chromium","2026-08-21","passed","2026-08-21","Login Page > P1 - Boundary - Email","specs\loginPage.spec.js","",""
"Digital School category links navigate to grade catalogs.","83170","TC_HOME_012: Digital School category links open grade catalogs","chromium","2026-08-21","failed","2026-08-21","OTS EdTech Homepage","specs\homePage.spec.js","",""
"Direct quiz-tracking access without session redirects to login.","11155","TC_QUIZTRACKING_010: Unauthenticated access does not show quiz data","chromium","2026-08-21","passed","2026-08-21","OTS EdTech Quiz Performance Tracking","specs\quizTracking_Page.spec.js","",""
"","59803","TC-031: Whitespace-only password is rejected","chromium","2026-08-21","passed","2026-08-21","Login Page > P1 - Negative - Required Fields","specs\loginPage.spec.js","",""
"","50106","TC-041: Password below minimum length is rejected","chromium","2026-08-21","passed","2026-08-21","Login Page > P1 - Boundary - Password","specs\loginPage.spec.js","",""
"Date of Birth label and input are visible on Personal Info tab.","35096","TC_PROFILE_017: Date of Birth field is visible on Personal Info tab","chromium","2026-08-21","passed","2026-08-21","OTS EdTech My Profile Page","specs\profilePage.spec.js","",""
"","42516","TC-038: Email above maximum length is rejected gracefully","chromium","2026-08-21","passed","2026-08-21","Login Page > P1 - Boundary - Email","specs\loginPage.spec.js","",""
"After Carousel view, Scroll Left/Right are clickable without breaking My Subjects.","36308","TC_DASH_007: Scroll Left / Scroll Right move the subjects carousel","chromium","2026-08-21","passed","2026-08-21","OTS EdTech Dashboard Page","specs\Dashboard.spec.js","",""
"Logged-in student reaches Favorite Chapters with main heading visible.","18424","TC_FAVCHAP_001: Authenticated student lands on Favorite Chapters with heading visible","chromium","2026-08-21","passed","2026-08-21","OTS EdTech Favorite Chapters Page","specs\favoriteChapters.spec.js","",""
"Manage Enrollments heading and View and manage your course subtitle are visible.","23583","TC_ENROLL_002: Heading and subtitle are visible","chromium","2026-08-21","passed","2026-08-21","OTS EdTech Enrollments Page","specs\enrollments_Page.spec.js","",""
"Direct manage-enrollment access without session redirects to login and hides student content.","15746","TC_ENROLL_008: Unauthenticated access to Manage Enrollments does not show student content","chromium","2026-08-21","passed","2026-08-21","OTS EdTech Enrollments Page","specs\enrollments_Page.spec.js","",""
"","1919","TC-004: Google authentication succeeds for authorized user","chromium","2026-08-21","skipped","2026-08-21","Login Page > P0 - Positive - Social Sign-In","specs\loginPage.spec.js","",""
"Skilled Courses links navigate to practical modules.","81700","TC_HOME_013: Skilled course links open practical modules","chromium","2026-08-21","failed","2026-08-21","OTS EdTech Homepage","specs\homePage.spec.js","",""
"","45079","TC-035: Cancelled Google authentication returns user safely","chromium","2026-08-21","passed","2026-08-21","Login Page > P1 - Negative - Social Sign-In","specs\loginPage.spec.js","",""
"","16016","TC-064: Terms of Service link opens correctly","chromium","2026-08-21","passed","2026-08-21","Login Page > P3 - Positive - Legal Link","specs\loginPage.spec.js","",""
"Clicking Open Chapter navigates away from Favorite Chapters to a lesson page.","41020","TC_FAVCHAP_004: Open Chapter button navigates to lesson page","chromium","2026-08-21","failed","2026-08-21","OTS EdTech Favorite Chapters Page","specs\favoriteChapters.spec.js","",""
"","20","TC_LEADERBOARD_007: Filter by label and filter container are visible","chromium","2026-08-21","skipped","2026-08-21","OTS EdTech Leaderboard Page","specs\Leaderboard.spec.js","",""
"Direct Dashboard access without session redirects to login and hides student content.","11536","TC_DASH_013: Unauthenticated access to Dashboard does not show student My Subjects","chromium","2026-08-21","passed","2026-08-21","OTS EdTech Dashboard Page","specs\Dashboard.spec.js","",""
"","17464","TC-054: Unauthenticated direct dashboard access is blocked","chromium","2026-08-21","passed","2026-08-21","Login Page > P2 - Negative - Authorization","specs\loginPage.spec.js","",""
"Logged-in student reaches Quiz Tracking with back bar, heading, and description visible.","19045","TC_QUIZTRACKING_001: Authenticated student lands on Quiz Tracking with page chrome visible","chromium","2026-08-21","passed","2026-08-21","OTS EdTech Quiz Performance Tracking","specs\quizTracking_Page.spec.js","",""
"","58394","TC-044: Password above maximum length is rejected gracefully","chromium","2026-08-21","passed","2026-08-21","Login Page > P1 - Boundary - Password","specs\loginPage.spec.js","",""
"Clicking Sort By keeps page heading visible.","24877","TC_QUIZTRACKING_005: Sort By dropdown is clickable and page stays stable","chromium","2026-08-21","passed","2026-08-21","OTS EdTech Quiz Performance Tracking","specs\quizTracking_Page.spec.js","",""
"","47291","TC-005: Already-authenticated user reaches dashboard instead of login loop","chromium","2026-08-21","failed","2026-08-21","Login Page > P0 - Positive - Session","specs\loginPage.spec.js","",""
"","21","TC_LEADERBOARD_008: Filter container is clickable and page stays stable","chromium","2026-08-21","skipped","2026-08-21","OTS EdTech Leaderboard Page","specs\Leaderboard.spec.js","",""
"Current Enrollments heading is visible on Manage Enrollments page.","29047","TC_ENROLL_010: Current Enrollments heading is visible","chromium","2026-08-21","passed","2026-08-21","OTS EdTech Enrollments Page","specs\enrollments_Page.spec.js","",""
"All three fields accept typed input.","53648","TC_SIGNUP_005: Email and password fields accept typed input","chromium","2026-08-21","passed","2026-08-21","OTS EdTech Sign Up Page","specs\signUp_Page.spec.js","",""
"Empty email + Send OTP does not transition to Verification OTP.","45177","TC_CHGPWD_007: Send OTP with empty email field","chromium","2026-08-21","passed","2026-08-21","OTS EdTech Change Password","specs\changePassword.spec.js","",""
"Explore header nav routes to Explore content/destination.","55032","TC_HOME_007: Explore nav reaches explore destination","chromium","2026-08-21","failed","2026-08-21","OTS EdTech Homepage","specs\homePage.spec.js","",""
"","25375","TC-030: Whitespace-only email is treated as empty","chromium","2026-08-21","passed","2026-08-21","Login Page > P1 - Negative - Required Fields","specs\loginPage.spec.js","",""
"","21","TC_LEADERBOARD_010: Soft refresh keeps Leaderboard chrome visible","chromium","2026-08-21","skipped","2026-08-21","OTS EdTech Leaderboard Page","specs\Leaderboard.spec.js","",""
"","12596","TC-018: Forgot Password redirects to recovery page","chromium","2026-08-21","passed","2026-08-21","Login Page > P0 - Recovery","specs\loginPage.spec.js","",""
"Enroll in New Course redirects to /dashboard/explore catalog.","32138","TC_ENROLL_004: Enroll in New Course redirects to course catalog","chromium","2026-08-21","passed","2026-08-21","OTS EdTech Enrollments Page","specs\enrollments_Page.spec.js","",""
"","11921","TC-066: Continue with email separator is visible and non-interfering","chromium","2026-08-21","passed","2026-08-21","Login Page > P3 - UI - Content","specs\loginPage.spec.js","",""
"Watch video opens lecture dialog without crash; Close is available if modal.","43220","TC_SWITCH_008: Watch video opens learning / video experience","chromium","2026-08-21","failed","2026-08-21","OTS EdTech Switch Classes Page","specs\switchClasses.spec.js","",""
"Watch video opens the lecture dialog / learning experience without crash.","36274","TC_DASH_004: Watch video navigates to learning / video experience","chromium","2026-08-21","passed","2026-08-21","OTS EdTech Dashboard Page","specs\Dashboard.spec.js","",""
"Refreshing Quiz Tracking keeps headings visible.","29301","TC_QUIZTRACKING_009: Soft refresh keeps Quiz Tracking chrome visible","chromium","2026-08-21","passed","2026-08-21","OTS EdTech Quiz Performance Tracking","specs\quizTracking_Page.spec.js","",""
"Header menu Register menuitem opens registration/sign-up.","80774","TC_HOME_010: Register menuitem opens registration path","chromium","2026-08-21","failed","2026-08-21","OTS EdTech Homepage","specs\homePage.spec.js","",""
"Profile completion percentage text is visible.","73685","TC_PROFILE_018: Profile completion percentage is displayed","chromium","2026-08-21","passed","2026-08-21","OTS EdTech My Profile Page","specs\profilePage.spec.js","",""
"Verification OTP heading and We have sent subtext visible.","49517","TC_CHGPWD_005: Verification OTP heading and subtext are visible after Send OTP","chromium","2026-08-21","passed","2026-08-21","OTS EdTech Change Password","specs\changePassword.spec.js","",""
"Get Start link initiates registration/onboarding (selector name differs from userflow Get Started).","60237","TC_HOME_017: Get Start link initiates onboarding / registration","chromium","2026-08-21","failed","2026-08-21","OTS EdTech Homepage","specs\homePage.spec.js","",""
"Footer Stay Updated email input field is visible on Explore.","13669","TC_EXPLORE_013: Footer Stay Updated email field is present","chromium","2026-08-21","passed","2026-08-21","OTS EdTech Explore Page","specs\Explore-Page.spec.js","",""
"How It Works onboarding narrative steps are visible on the homepage.","56220","TC_HOME_016: How It Works learning-flow steps are visible","chromium","2026-08-21","failed","2026-08-21","OTS EdTech Homepage","specs\homePage.spec.js","",""
"Logged-in student reaches Switch Classes with Back, Switch Classes heading, and Select Your Class visible.","53106","TC_SWITCH_001: Authenticated student lands on Switch Classes with key chrome visible","chromium","2026-08-21","failed","2026-08-21","OTS EdTech Switch Classes Page","specs\switchClasses.spec.js","",""
"Send OTP accepts click with valid email; page transitions without crash.","44073","TC_CHGPWD_003: Send OTP button is visible and clickable with valid email","chromium","2026-08-21","passed","2026-08-21","OTS EdTech Change Password","specs\changePassword.spec.js","",""
"All three gender option labels visible.","16348","TC_PROFILE_005: Gender radio labels (Male, Female, Other) are visible","chromium","2026-08-21","passed","2026-08-21","OTS EdTech My Profile Page","specs\profilePage.spec.js","",""
"Header nav elements Home link, Reels text, Meet Our Team text are visible on Explore.","14819","TC_EXPLORE_010: Header navigation links Home, Reels, Meet Our Team are visible","chromium","2026-08-21","passed","2026-08-21","OTS EdTech Explore Page","specs\Explore-Page.spec.js","",""
"","21","TC_LEADERBOARD_009: Toggle between Global and Weekly keeps Leaderboard usable","chromium","2026-08-21","skipped","2026-08-21","OTS EdTech Leaderboard Page","specs\Leaderboard.spec.js","",""
"","55249","TC-012: Locked, disabled, or inactive account cannot sign in","chromium","2026-08-21","passed","2026-08-21","Login Page > P0 - Negative - Authorization","specs\loginPage.spec.js","",""
"Clicking scroll hint advances feed without crash.","31104","TC_REELS_004: Clicking Scroll Trigger advances the feed to the next reel","chromium","2026-08-21","passed","2026-08-21","OTS EdTech Reels Page","specs\ReelsPage.spec.js","",""
"","60573","TC-040: Email local part above 64 characters is rejected gracefully","chromium","2026-08-21","passed","2026-08-21","Login Page > P1 - Boundary - Email","specs\loginPage.spec.js","",""
"My Subjects heading, enrolled count, Watch video and Start Learning are present.","44314","TC_SWITCH_005: My Subjects section and enrolled count are visible","chromium","2026-08-21","failed","2026-08-21","OTS EdTech Switch Classes Page","specs\switchClasses.spec.js","",""
"Continue with Google button visible.","43737","TC_SIGNUP_014: Continue with Google button is visible","chromium","2026-08-21","passed","2026-08-21","OTS EdTech Sign Up Page","specs\signUp_Page.spec.js","",""
"","6927","TC-062: Snail illustration speeds up on hover","chromium","2026-08-21","skipped","2026-08-21","Login Page > P3 - Micro-interaction","specs\loginPage.spec.js","",""
"","48469","TC-001: Direct sign-in succeeds with valid email and password","chromium","2026-08-21","passed","2026-08-21","Login Page > P0 - Positive - Primary Path","specs\loginPage.spec.js","",""
"","77244","TC-048: Sign In loading state prevents duplicate submissions","chromium","2026-08-21","failed","2026-08-21","Login Page > P2 - Edge - Submission","specs\loginPage.spec.js","",""
"Quiz Performance Tracking heading and description text are visible.","18394","TC_QUIZTRACKING_002: Page heading and description text are visible","chromium","2026-08-21","passed","2026-08-21","OTS EdTech Quiz Performance Tracking","specs\quizTracking_Page.spec.js","",""
"Feedback link is visible in the sidebar.","26161","TC_DASH_019: Feedback sidebar link is visible","chromium","2026-08-21","passed","2026-08-21","OTS EdTech Dashboard Page","specs\Dashboard.spec.js","",""
"Terms checkbox text, Terms link, Privacy Policy link visible.","41710","TC_SIGNUP_006: Terms checkbox text and links are visible","chromium","2026-08-21","passed","2026-08-21","OTS EdTech Sign Up Page","specs\signUp_Page.spec.js","",""
"Direct change-course access without session redirects to login.","11528","TC_SWITCH_012: Unauthenticated access to change-course does not show student content","chromium","2026-08-21","passed","2026-08-21","OTS EdTech Switch Classes Page","specs\switchClasses.spec.js","",""
"","39736","TC-024: User can paste email and password","chromium","2026-08-21","passed","2026-08-21","Login Page > P1 - Positive - Input Handling","specs\loginPage.spec.js","",""
"Favorite Chapters heading and header container are visible.","31047","TC_FAVCHAP_002: Page heading and header container are present","chromium","2026-08-21","passed","2026-08-21","OTS EdTech Favorite Chapters Page","specs\favoriteChapters.spec.js","",""
"","21","TC_LEADERBOARD_012: Filter options All Subjects, By Subject, and By Chapter are visible","chromium","2026-08-21","skipped","2026-08-21","OTS EdTech Leaderboard Page","specs\Leaderboard.spec.js","",""
"","18292","TC-008: Sign-in is blocked when password is empty","chromium","2026-08-21","passed","2026-08-21","Login Page > P0 - Negative - Required Fields","specs\loginPage.spec.js","",""
"Clicking Skills Academy Let's Start! redirects to /explore/skilledbased.","41715","TC_EXPLORE_005: Skills Academy Let's Start! redirects to Skills Academy catalog","chromium","2026-08-21","failed","2026-08-21","OTS EdTech Explore Page","specs\Explore-Page.spec.js","",""
"","20","TC_LEADERBOARD_004: Global and Weekly tabs are visible","chromium","2026-08-21","skipped","2026-08-21","OTS EdTech Leaderboard Page","specs\Leaderboard.spec.js","",""
"Email Address* label and textbox both visible.","39950","TC_CHGPWD_002: Email Address label and textbox are present","chromium","2026-08-21","passed","2026-08-21","OTS EdTech Change Password","specs\changePassword.spec.js","",""
"Daily Micro Learning section is visible; Instagram follow opens social destination.","105569","TC_HOME_020: Daily Micro Learning and Instagram follow are available","chromium","2026-08-21","failed","2026-08-21","OTS EdTech Homepage","specs\homePage.spec.js","",""
"Close control appears after Watch video opens lecture dialog; clicking it does not crash Dashboard.","27745","TC_DASH_015: Close button is available without crashing the dashboard","chromium","2026-08-21","passed","2026-08-21","OTS EdTech Dashboard Page","specs\Dashboard.spec.js","",""
"","21354","TC-051: Browser back from Forgot Password returns to usable login page","chromium","2026-08-21","passed","2026-08-21","Login Page > P2 - Edge - Recovery Navigation","specs\loginPage.spec.js","",""
"Back navigates away from Switch Classes without error.","39390","TC_SWITCH_010: Back button exits Switch Classes page","chromium","2026-08-21","failed","2026-08-21","OTS EdTech Switch Classes Page","specs\switchClasses.spec.js","",""
"Documented .css-1iob08 card container is present on Manage Enrollments.","27848","TC_ENROLL_005: Content container / card element is present","chromium","2026-08-21","passed","2026-08-21","OTS EdTech Enrollments Page","specs\enrollments_Page.spec.js","",""
"Filters heading, Filter by Quiz, Sort By, and Show Results are all visible.","27880","TC_QUIZTRACKING_003: Filters section with all three dropdowns visible","chromium","2026-08-21","passed","2026-08-21","OTS EdTech Quiz Performance Tracking","specs\quizTracking_Page.spec.js","",""
"Clicking BackQuiz Performance bar navigates away from Quiz Tracking.","36845","TC_QUIZTRACKING_008: Back navigation exits Quiz Tracking page","chromium","2026-08-21","failed","2026-08-21","OTS EdTech Quiz Performance Tracking","specs\quizTracking_Page.spec.js","",""
"","26177","TC-057: Subdomain email is handled","chromium","2026-08-21","passed","2026-08-21","Login Page > P2 - Boundary - Email","specs\loginPage.spec.js","",""
"","34114","TC-015: Script injection in email is rejected and not executed","chromium","2026-08-21","passed","2026-08-21","Login Page > P0 - Negative - Security","specs\loginPage.spec.js","",""
"Footer contact email info@offtheschool.io is visible.","42902","TC_HOME_028: Contact email info@offtheschool.io is visible in footer","chromium","2026-08-21","passed","2026-08-21","OTS EdTech Homepage","specs\homePage.spec.js","",""
"","19682","TC-047: Form labels focus the correct fields","chromium","2026-08-21","passed","2026-08-21","Login Page > P2 - Positive - Accessibility","specs\loginPage.spec.js","",""
"COMPUTER and MATHEMATICS subject name texts are visible on Dashboard.","37897","TC_DASH_021: Subject cards are individually identifiable by name","chromium","2026-08-21","passed","2026-08-21","OTS EdTech Dashboard Page","specs\Dashboard.spec.js","",""
"Start Learning redirects to course-details / chapter selection.","33403","TC_DASH_005: Start Learning navigates to subject module/chapter list","chromium","2026-08-21","passed","2026-08-21","OTS EdTech Dashboard Page","specs\Dashboard.spec.js","",""
"Both password labels and textboxes visible.","31987","TC_SIGNUP_004: Create Password and Confirm Password fields are present","chromium","2026-08-21","passed","2026-08-21","OTS EdTech Sign Up Page","specs\signUp_Page.spec.js","",""
"Terms checkbox toggles.","61944","TC_SIGNUP_016: Terms agreement checkbox can be toggled","chromium","2026-08-21","failed","2026-08-21","OTS EdTech Sign Up Page","specs\signUp_Page.spec.js","",""
"","35181","TC-068: Login page is usable on mobile viewport","chromium","2026-08-21","passed","2026-08-21","Login Page > P3 - Responsive","specs\loginPage.spec.js","",""
"","32036","TC-029: Single-label domain email is rejected","chromium","2026-08-21","passed","2026-08-21","Login Page > P1 - Negative - Email Format","specs\loginPage.spec.js","",""
"Clicking Digital School Let's Start! redirects to /explore/digitalschool.","26633","TC_EXPLORE_002: Digital School Let's Start! redirects to Digital School catalog","chromium","2026-08-21","passed","2026-08-21","OTS EdTech Explore Page","specs\Explore-Page.spec.js","",""
"Both category cards are visible together; CTAs remain reachable without overlap hiding them.","49780","TC_EXPLORE_006: Digital School and Skills Academy cards are both visible together","chromium","2026-08-21","failed","2026-08-21","OTS EdTech Explore Page","specs\Explore-Page.spec.js","",""
"Grid / Carousel view toggles keep My Subjects usable.","39930","TC_SWITCH_006: Grid view and Carousel view controls are usable","chromium","2026-08-21","failed","2026-08-21","OTS EdTech Switch Classes Page","specs\switchClasses.spec.js","",""
"","66669","TC-058: Password with allowed special characters is handled","chromium","2026-08-21","passed","2026-08-21","Login Page > P2 - Boundary - Password","specs\loginPage.spec.js","",""
"File upload input[type=""file""] is present in DOM.","37072","TC_PROFILE_020: File upload input exists for profile picture","chromium","2026-08-21","passed","2026-08-21","OTS EdTech My Profile Page","specs\profilePage.spec.js","",""
"CSS fallback .css-1iob08 content card container is present.","17775","TC_QUIZTRACKING_007: Content card container is present on page","chromium","2026-08-21","passed","2026-08-21","OTS EdTech Quiz Performance Tracking","specs\quizTracking_Page.spec.js","",""
"","13445","TC-032: Password with leading or trailing spaces is not silently changed","chromium","2026-08-21","passed","2026-08-21","Login Page > P1 - Negative - Input Handling","specs\loginPage.spec.js","",""
"Switching all tabs keeps My Profile heading stable.","30530","TC_PROFILE_012: Tab switching between Personal Info, Educational Info, Settings stays stable","chromium","2026-08-21","passed","2026-08-21","OTS EdTech My Profile Page","specs\profilePage.spec.js","",""
"All four You Are role labels visible.","16429","TC_PROFILE_006: Role labels (Parent, Teacher, Student, Professional) are visible","chromium","2026-08-21","passed","2026-08-21","OTS EdTech My Profile Page","specs\profilePage.spec.js","",""
"","13325","TC-036: Google OAuth access_denied callback is handled","chromium","2026-08-21","passed","2026-08-21","Login Page > P1 - Negative - Social Sign-In","specs\loginPage.spec.js","",""
"Logout link is visible in the sidebar.","74443","TC_DASH_020: Logout sidebar link is visible","chromium","2026-08-21","failed","2026-08-21","OTS EdTech Dashboard Page","specs\Dashboard.spec.js","",""
"Day streak gamification text is visible on Dashboard.","28254","TC_DASH_016: Day Streak gamification text is visible","chromium","2026-08-21","passed","2026-08-21","OTS EdTech Dashboard Page","specs\Dashboard.spec.js","",""
"Back to home exits immersive player to home or reels directory.","35025","TC_REELS_006: Back to home button exits the immersive Reels player","chromium","2026-08-21","passed","2026-08-21","OTS EdTech Reels Page","specs\ReelsPage.spec.js","",""
"Direct favorite-chapters access without session redirects to login.","6442","TC_FAVCHAP_007: Unauthenticated access does not show favorites data","chromium","2026-08-21","passed","2026-08-21","OTS EdTech Favorite Chapters Page","specs\favoriteChapters.spec.js","",""
"Double-clicking Watch video reaches a single stable dialog without crash.","55371","TC_SWITCH_013: Double-click Watch video does not break navigation","chromium","2026-08-21","failed","2026-08-21","OTS EdTech Switch Classes Page","specs\switchClasses.spec.js","",""
"Show Results dropdown reveals All Results, Latest 5/10/20/50.","61522","TC_QUIZTRACKING_015: Show Results dropdown shows result limit options","chromium","2026-08-21","failed","2026-08-21","OTS EdTech Quiz Performance Tracking","specs\quizTracking_Page.spec.js","",""
"","22","TC_LEADERBOARD_011: Unauthenticated access does not show leaderboard data","chromium","2026-08-21","skipped","2026-08-21","OTS EdTech Leaderboard Page","specs\Leaderboard.spec.js","",""
"Grid view and Carousel view toggles keep My Subjects usable.","35185","TC_DASH_006: Grid view and Carousel view controls are usable","chromium","2026-08-21","passed","2026-08-21","OTS EdTech Dashboard Page","specs\Dashboard.spec.js","",""
"Invalid email + Send OTP does not transition to Verification OTP.","44397","TC_CHGPWD_008: Send OTP with invalid email format","chromium","2026-08-21","passed","2026-08-21","OTS EdTech Change Password","specs\changePassword.spec.js","",""
"Clicking the standalone Back button navigates away from Quiz Tracking.","42223","TC_QUIZTRACKING_013: Back button navigates away from Quiz Tracking","chromium","2026-08-21","failed","2026-08-21","OTS EdTech Quiz Performance Tracking","specs\quizTracking_Page.spec.js","",""
"","36036","TC-056: Email with plus alias is handled","chromium","2026-08-21","passed","2026-08-21","Login Page > P2 - Boundary - Email","specs\loginPage.spec.js","",""
"After Send OTP, Verification OTP heading appears.","46364","TC_CHGPWD_004: Clicking Send OTP transitions to Verification OTP screen","chromium","2026-08-21","passed","2026-08-21","OTS EdTech Change Password","specs\changePassword.spec.js","",""
"","64550","TC-059: Unicode password input is handled safely","chromium","2026-08-21","passed","2026-08-21","Login Page > P2 - Boundary - Password","specs\loginPage.spec.js","",""
"Subscribe and View All Videos links open intended destinations.","70430","TC_HOME_019: Subscribe and View All Videos links open expected destinations","chromium","2026-08-21","broken","2026-08-21","OTS EdTech Homepage","specs\homePage.spec.js","",""
"Sidebar Enrollments opens Manage Enrollments heading / URL.","21644","TC_DASH_009: Sidebar Enrollments opens Manage Enrollments","chromium","2026-08-21","passed","2026-08-21","OTS EdTech Dashboard Page","specs\Dashboard.spec.js","",""
"Double-clicking Send OTP reaches a single stable state.","80729","TC_CHGPWD_009: Double-click Send OTP does not break the flow","chromium","2026-08-21","passed","2026-08-21","OTS EdTech Change Password","specs\changePassword.spec.js","",""
"Clicking Home keeps or returns user to the homepage hero.","59223","TC_HOME_006: Home nav keeps user on the homepage","chromium","2026-08-21","failed","2026-08-21","OTS EdTech Homepage","specs\homePage.spec.js","",""
"Filter by Quiz dropdown reveals the All Quizzes option.","56887","TC_QUIZTRACKING_016: Filter by Quiz dropdown shows All Quizzes option","chromium","2026-08-21","failed","2026-08-21","OTS EdTech Quiz Performance Tracking","specs\quizTracking_Page.spec.js","",""
"Terms and Privacy Policy links navigate without crash.","70862","TC_SIGNUP_007: Terms and Privacy Policy links are clickable","chromium","2026-08-21","passed","2026-08-21","OTS EdTech Sign Up Page","specs\signUp_Page.spec.js","",""
"","25431","TC-050: Refreshing login page clears sensitive unsent password","chromium","2026-08-21","passed","2026-08-21","Login Page > P2 - Edge - Privacy","specs\loginPage.spec.js","",""
"Educational Information heading visible after clicking Educational Info tab.","33383","TC_PROFILE_021: Educational Information heading appears after switching to Educational Info tab","chromium","2026-08-21","passed","2026-08-21","OTS EdTech My Profile Page","specs\profilePage.spec.js","",""
"","22211","TC-021: Pressing Enter submits valid credentials","chromium","2026-08-21","passed","2026-08-21","Login Page > P1 - Positive - Keyboard","specs\loginPage.spec.js","",""
"Back to Home link navigates to home.","61868","TC_SIGNUP_015: Back to Home link is visible and clickable","chromium","2026-08-21","passed","2026-08-21","OTS EdTech Sign Up Page","specs\signUp_Page.spec.js","",""
"Refreshing Switch Classes keeps headings visible.","37055","TC_SWITCH_011: Soft refresh keeps Switch Classes chrome visible","chromium","2026-08-21","failed","2026-08-21","OTS EdTech Switch Classes Page","specs\switchClasses.spec.js","",""
"","29714","TC-027: Email missing domain is rejected","chromium","2026-08-21","passed","2026-08-21","Login Page > P1 - Negative - Email Format","specs\loginPage.spec.js","",""
"Double-clicking Open Chapter reaches a single stable lesson page.","48544","TC_FAVCHAP_008: Double-click Open Chapter does not break navigation","chromium","2026-08-21","failed","2026-08-21","OTS EdTech Favorite Chapters Page","specs\favoriteChapters.spec.js","",""
"Refreshing Dashboard keeps Your Progress and My Subjects visible.","28553","TC_DASH_012: Soft refresh keeps Dashboard progress and My Subjects visible","chromium","2026-08-21","passed","2026-08-21","OTS EdTech Dashboard Page","specs\Dashboard.spec.js","",""
"First Name and Last Name accept typed input.","107206","TC_PROFILE_004: First Name and Last Name fields are editable","chromium","2026-08-21","passed","2026-08-21","OTS EdTech My Profile Page","specs\profilePage.spec.js","",""
"Reels header nav opens reels/micro-learning experience.","56090","TC_HOME_008: Reels nav opens micro-learning / reels","chromium","2026-08-21","failed","2026-08-21","OTS EdTech Homepage","specs\homePage.spec.js","",""
"Hero CTA text ""New: OTS Reels"" is visible on the homepage.","67842","TC_HOME_026: ""New: OTS Reels"" hero CTA is visible","chromium","2026-08-21","failed","2026-08-21","OTS EdTech Homepage","specs\homePage.spec.js","",""
"Page chrome stays visible; brittle BackManage EnrollmentsEnroll text is optional.","45233","TC_ENROLL_006: Header bar concatenated text is present if exposed","chromium","2026-08-21","passed","2026-08-21","OTS EdTech Enrollments Page","specs\enrollments_Page.spec.js","",""
"My Subjects heading, enrolled count, and Watch video / Start Learning controls are present.","64112","TC_DASH_003: My Subjects section and enrolled subjects area are visible","chromium","2026-08-21","passed","2026-08-21","OTS EdTech Dashboard Page","specs\Dashboard.spec.js","",""
"","15293","TC-065: Privacy Policy link opens correctly","chromium","2026-08-21","passed","2026-08-21","Login Page > P3 - Positive - Legal Link","specs\loginPage.spec.js","",""
"Back button is visible on Profile page.","51025","TC_PROFILE_019: Back button is visible","chromium","2026-08-21","passed","2026-08-21","OTS EdTech My Profile Page","specs\profilePage.spec.js","",""
"Digital School card is a distinct entry with heading and CTA; layout remains intact.","25368","TC_EXPLORE_003: Digital School card container and visuals are present","chromium","2026-08-21","passed","2026-08-21","OTS EdTech Explore Page","specs\Explore-Page.spec.js","",""
"","20","TC_LEADERBOARD_003: Class context indicator shows active leaderboard scope","chromium","2026-08-21","skipped","2026-08-21","OTS EdTech Leaderboard Page","specs\Leaderboard.spec.js","",""
"Refreshing Manage Enrollments keeps heading, subtitle, and CTA visible.","44200","TC_ENROLL_007: Soft refresh keeps Manage Enrollments chrome visible","chromium","2026-08-21","passed","2026-08-21","OTS EdTech Enrollments Page","specs\enrollments_Page.spec.js","",""
"","41900","TC-010: Unregistered or unauthorized email is rejected","chromium","2026-08-21","passed","2026-08-21","Login Page > P0 - Negative - Authentication","specs\loginPage.spec.js","",""
"or with email divider visible.","27055","TC_SIGNUP_009: ""or with email"" divider is visible","chromium","2026-08-21","passed","2026-08-21","OTS EdTech Sign Up Page","specs\signUp_Page.spec.js","",""
"Double-clicking Watch video reaches a stable lecture dialog without crash.","37365","TC_DASH_014: Double-click Watch video does not break navigation","chromium","2026-08-21","failed","2026-08-21","OTS EdTech Dashboard Page","specs\Dashboard.spec.js","",""
"","11013","TC-006: Sign-in is blocked when both required fields are empty","chromium","2026-08-21","passed","2026-08-21","Login Page > P0 - Negative - Required Fields","specs\loginPage.spec.js","",""
"","53040","TC-026: Email missing local part is rejected","chromium","2026-08-21","passed","2026-08-21","Login Page > P1 - Negative - Email Format","specs\loginPage.spec.js","",""
"","13480","TC-070: OTS logo image has accessible name","chromium","2026-08-21","passed","2026-08-21","Login Page > P3 - Accessibility","specs\loginPage.spec.js","",""
"","43568","TC-002: Direct sign-in succeeds when Remember me is selected","chromium","2026-08-21","failed","2026-08-21","Login Page > P0 - Positive - Primary Path","specs\loginPage.spec.js","",""
"Refreshing keeps heading visible.","33665","TC_SIGNUP_010: Soft refresh keeps Sign Up chrome visible","chromium","2026-08-21","passed","2026-08-21","OTS EdTech Sign Up Page","specs\signUp_Page.spec.js","",""
"Email Address* label and textbox visible.","36376","TC_SIGNUP_003: Email Address label and textbox are present","chromium","2026-08-21","passed","2026-08-21","OTS EdTech Sign Up Page","specs\signUp_Page.spec.js","",""
"","48361","TC-033: Uppercase email variant authenticates same account","chromium","2026-08-21","passed","2026-08-21","Login Page > P1 - Positive - Input Handling","specs\loginPage.spec.js","",""
"Navigation SVG icon advances feed without breaking player.","19349","TC_REELS_005: Navigation Icon (SVG) advances to the next reel","chromium","2026-08-21","passed","2026-08-21","OTS EdTech Reels Page","specs\ReelsPage.spec.js","",""
"Scroll down hint text is visible on reels feed.","6255","TC_REELS_003: Scroll Trigger hint is visible on the feed","chromium","2026-08-21","passed","2026-08-21","OTS EdTech Reels Page","specs\ReelsPage.spec.js","",""
"Instructional text ""Start adding chapters"" is visible in empty state.","24357","TC_FAVCHAP_011: Empty state shows instructional text","chromium","2026-08-21","passed","2026-08-21","OTS EdTech Favorite Chapters Page","specs\favoriteChapters.spec.js","",""
"Total Attempts, Quizzes Taken, Average Score, and Best Score stat cards are visible.","21094","TC_QUIZTRACKING_011: Summary stat cards are visible","chromium","2026-08-21","passed","2026-08-21","OTS EdTech Quiz Performance Tracking","specs\quizTracking_Page.spec.js","",""
"Refreshing the homepage keeps hero and nav visible.","64995","TC_HOME_024: Soft refresh keeps homepage stable","chromium","2026-08-21","failed","2026-08-21","OTS EdTech Homepage","specs\homePage.spec.js","",""
"","41850","TC-014: Authentication service outage shows recoverable error","chromium","2026-08-21","passed","2026-08-21","Login Page > P0 - Negative - Error State","specs\loginPage.spec.js","",""
"Accumulated XP count is visible on Dashboard.","30051","TC_DASH_017: Accumulated XP is visible","chromium","2026-08-21","passed","2026-08-21","OTS EdTech Dashboard Page","specs\Dashboard.spec.js","",""
"","28356","TC-003: Continue with Google starts Google authentication","chromium","2026-08-21","passed","2026-08-21","Login Page > P0 - Positive - Social Sign-In","specs\loginPage.spec.js","",""
"YouTube Learning Hub section, logo, and channel metrics are visible.","36294","TC_HOME_018: YouTube Learning Hub content is visible","chromium","2026-08-21","failed","2026-08-21","OTS EdTech Homepage","specs\homePage.spec.js","",""
"","13536","TC-022: Tab order supports efficient sign-in","chromium","2026-08-21","passed","2026-08-21","Login Page > P1 - Positive - Accessibility","specs\loginPage.spec.js","",""
"","44731","TC-042: Password at minimum accepted length is handled","chromium","2026-08-21","passed","2026-08-21","Login Page > P1 - Boundary - Password","specs\loginPage.spec.js","",""
"","8825","TC-067: Open reels button is discoverable and safe to activate","chromium","2026-08-21","passed","2026-08-21","Login Page > P3 - Edge - Media Control","specs\loginPage.spec.js","",""
"Sort By dropdown reveals Newest First, Oldest First, Highest Score, Lowest Score.","30918","TC_QUIZTRACKING_014: Sort By dropdown shows sorting options","chromium","2026-08-21","failed","2026-08-21","OTS EdTech Quiz Performance Tracking","specs\quizTracking_Page.spec.js","",""
"Our Impact section and statistic cards are visible.","28808","TC_HOME_015: Our Impact statistics are visible","chromium","2026-08-21","passed","2026-08-21","OTS EdTech Homepage","specs\homePage.spec.js","",""
"Weekly Progress and weekly goal text are visible on Dashboard.","23369","TC_DASH_018: Weekly Progress section is visible","chromium","2026-08-21","passed","2026-08-21","OTS EdTech Dashboard Page","specs\Dashboard.spec.js","",""
"All fields empty; observe behavior.","10446","TC_SIGNUP_012: Empty form submission edge case","chromium","2026-08-21","passed","2026-08-21","OTS EdTech Sign Up Page","specs\signUp_Page.spec.js","",""
"Educational Info tab shows Institution Name and Passing Year.","27895","TC_PROFILE_009: Educational Info tab loads Institution Name and Passing Year fields","chromium","2026-08-21","passed","2026-08-21","OTS EdTech My Profile Page","specs\profilePage.spec.js","",""
"After Carousel view, Scroll Left/Right are clickable without breaking My Subjects.","42224","TC_SWITCH_007: Scroll Left / Scroll Right move the subjects carousel","chromium","2026-08-21","failed","2026-08-21","OTS EdTech Switch Classes Page","specs\switchClasses.spec.js","",""
"","61092","TC-016: SQL injection-like email input is rejected","chromium","2026-08-21","passed","2026-08-21","Login Page > P0 - Negative - Security","specs\loginPage.spec.js","",""
"Your Progress heading and overall completion text visible without fixed percentage.","39337","TC_SWITCH_004: Your Progress section shows overall completion copy","chromium","2026-08-21","failed","2026-08-21","OTS EdTech Switch Classes Page","specs\switchClasses.spec.js","",""
"Refreshing Profile keeps heading visible.","125398","TC_PROFILE_013: Soft refresh keeps Profile chrome visible","chromium","2026-08-21","failed","2026-08-21","OTS EdTech My Profile Page","specs\profilePage.spec.js","",""
"Footer Download App text and Google Play link are visible on Explore.","20879","TC_EXPLORE_012: Footer Download App and Google Play are visible","chromium","2026-08-21","passed","2026-08-21","OTS EdTech Explore Page","specs\Explore-Page.spec.js","",""
"Nonsense search term is handled without crash or technical error dump.","48428","TC_HOME_005: Search with a nonexistent term shows no-match handling","chromium","2026-08-21","failed","2026-08-21","OTS EdTech Homepage","specs\homePage.spec.js","",""
"Personal Info tab present, First Name and Last Name visible by default.","21687","TC_PROFILE_003: Personal Info tab is active by default with form fields visible","chromium","2026-08-21","passed","2026-08-21","OTS EdTech My Profile Page","specs\profilePage.spec.js","",""
"Valid chapter search via Search chapters textbox does not crash and yields results or navigation.","65683","TC_HOME_003: Search with a valid chapter keyword returns relevant results","chromium","2026-08-21","failed","2026-08-21","OTS EdTech Homepage","specs\homePage.spec.js","",""
"Logged-in student reaches Dashboard with OTS logo, Dashboard nav, Your Progress, and My Subjects visible.","64847","TC_DASH_001: Authenticated student lands on Dashboard with key chrome visible","chromium","2026-08-21","passed","2026-08-21","OTS EdTech Dashboard Page","specs\Dashboard.spec.js","",""
"Footer quick links FAQ, Privacy Policy, Terms of Use are visible on Explore.","27437","TC_EXPLORE_011: Footer links FAQ, Privacy Policy, Terms of Use are visible","chromium","2026-08-21","failed","2026-08-21","OTS EdTech Explore Page","specs\Explore-Page.spec.js","",""
"","16709","TC-007: Sign-in is blocked when email is empty","chromium","2026-08-21","passed","2026-08-21","Login Page > P0 - Negative - Required Fields","specs\loginPage.spec.js","",""
"","45308","TC-052: Offline or network loss during login is handled","chromium","2026-08-21","passed","2026-08-21","Login Page > P2 - Negative - Error State","specs\loginPage.spec.js","",""
"","46780","TC-049: Double-clicking Sign In does not create duplicate sessions","chromium","2026-08-21","passed","2026-08-21","Login Page > P2 - Edge - Submission","specs\loginPage.spec.js","",""
"Refreshing /explore keeps both cards and Let's Start! CTAs visible.","48669","TC_EXPLORE_007: Soft refresh keeps Explore cards and CTAs visible","chromium","2026-08-21","passed","2026-08-21","OTS EdTech Explore Page","specs\Explore-Page.spec.js","",""
"Your Progress heading and overall completion copy are visible without hard-coded percentages.","27623","TC_DASH_002: Your Progress section shows overall completion copy","chromium","2026-08-21","passed","2026-08-21","OTS EdTech Dashboard Page","specs\Dashboard.spec.js","",""
"Clicking Show Results keeps page heading visible.","33787","TC_QUIZTRACKING_006: Show Results trigger is clickable and page stays stable","chromium","2026-08-21","passed","2026-08-21","OTS EdTech Quiz Performance Tracking","specs\quizTracking_Page.spec.js","",""
"","11288","TC-017: Password remains masked during entry and after failed login","chromium","2026-08-21","passed","2026-08-21","Login Page > P0 - Negative - Security","specs\loginPage.spec.js","",""
"","43682","TC-063: Snail micro-interaction does not block form completion","chromium","2026-08-21","passed","2026-08-21","Login Page > P3 - Micro-interaction","specs\loginPage.spec.js","",""
"Double-clicking Enroll in New Course reaches a single stable catalog page.","42393","TC_ENROLL_009: Double-click Enroll in New Course does not break navigation","chromium","2026-08-21","passed","2026-08-21","OTS EdTech Enrollments Page","specs\enrollments_Page.spec.js","",""
"","12159","TC-061: OTS logo remains accessible and does not trigger unintended login","chromium","2026-08-21","passed","2026-08-21","Login Page > P3 - Edge - Navigation","specs\loginPage.spec.js","",""
"Select Your Class heading, Available Classes, Choose from enrolled, and Class button are visible.","46210","TC_SWITCH_002: Select Your Class module labels are visible","chromium","2026-08-21","failed","2026-08-21","OTS EdTech Switch Classes Page","specs\switchClasses.spec.js","",""
